customer_id	customer_name	phone	address	city	state	zipcode
1	Mark Garcia	(221) 382-7719	14187 Wright Coves Suite 348	Millerburgh	DC	44814
2	Stacey George	(141) 533-7444	90267 Holmes Forge	North Thomas	MA	57350
3	Tim Bryant	(204) 935-4424	92558 Poole Knolls	New Traviston	SC	26038
4	Devon Kane	(137) 160-4147	826 Marcus Points Apt. 485	Lake Christineshire	NM	51372
5	Marvin Phillips	(784) 984-7358	1956 Brenda Island	Matthewfort	SD	63895
6	Eric Zamora	(280) 139-6760	51245 Kelly Plaza	West Caitlinmouth	VT	49851
7	Scott Green	(381) 880-2587	8119 Hays Stravenue	East Tina	IL	28282
8	Scott Reynolds	(799) 219-5774	2260 Booth Spur	Kaylafurt	MO	97142
9	Paula Kennedy	(568) 817-3031	029 Jesse Islands	Lake Aaron	NM	49020
10	Holly Ingram	(946) 379-4023	442 Dennis Roads Apt. 888	Bettystad	NJ	75167
11	Tammy Collins	(498) 966-8838	74145 Garcia Crescent Suite 563	Lisaview	IA	05665
12	Jared Simmons	(252) 299-4153	1320 Leslie Valleys Suite 441	Englishside	MO	17428
13	Thomas Doyle	(486) 871-5888	7565 Hammond Glens	East Ginaview	NC	31049
14	Nicole Carlson	(640) 374-6569	393 Maxwell Manors	Barnesmouth	WV	31333
15	Stephen Reeves	(371) 969-4934	94026 Hall Spurs Suite 947	North Paul	NC	54995
16	Mark Roman	(364) 609-9678	85067 Gordon Drives	Anthonystad	ME	03799
17	Courtney Anderson	(284) 655-7171	8163 Bell Light Suite 598	East Walter	MA	30955
18	Joan Zamora	(794) 742-5142	44653 Marcus Route	Jamesmouth	FL	61906
19	William Wallace	(393) 373-8512	6928 Joyce Springs Apt. 961	East Tomtown	MO	31693
20	Ashley Harris	(637) 638-5890	7530 Kenneth Light	West Jenniferbury	UT	53325
21	Jeremiah Gutierrez	(433) 159-4616	127 Villa Neck	West Reginaldfort	WY	57272
22	Brett Andersen	(177) 903-5350	1003 Jonathon Gardens Suite 517	Michelleshire	AL	87464
23	Julie Moore	(302) 812-1013	183 Raymond Springs Apt. 431	Gregorymouth	KS	60406
24	Carol Mcintosh	(758) 824-3184	08059 Thomas Mount Apt. 986	Keyborough	WI	69599
25	Hannah Espinoza	(987) 399-3809	872 Tyler Village	Fryemouth	SD	41646
26	Gerald Padilla	(584) 969-7693	9826 Brooke Grove	Robertstown	OR	34266
27	Calvin Fisher	(781) 752-2411	3092 Kennedy Meadows	Carrillomouth	NV	94482
28	Sandra Oliver	(823) 818-4496	9193 Shaw Orchard	New Alyssamouth	MS	50861
29	Dana White	(496) 495-9795	471 Phillips Vista Apt. 504	Lake Kimberly	OR	60003
30	Crystal Ross	(131) 988-7152	3473 Dawson Mall Suite 471	South Erikatown	IA	35812
31	George Davenport	(251) 860-5678	916 Brian Canyon Suite 214	Paulfurt	IN	29550
32	Lynn Giles	(133) 824-1778	158 Cunningham Summit Suite 504	Debrahaven	NE	74428
33	Joshua Brown	(674) 226-7179	152 Griffin Bridge Suite 458	Tashahaven	WI	33941
34	Douglas Murray	(422) 934-9272	516 Blanchard Mews	North Annette	UT	10278
35	Jesus Burton	(968) 405-3142	054 Jessica Trace	Edwardsmouth	WA	31953
36	Monica Velasquez	(594) 918-5808	222 Haney Overpass	Port Davidtown	NY	09696
37	Nathan Schultz	(556) 935-7895	007 Davis Rapid Suite 635	Jennifermouth	NC	40324
38	Mark Stuart	(101) 227-7537	7740 Clay Views Suite 589	Gabrielmouth	WY	05028
39	Jessica Smith	(719) 868-1547	21577 Traci Mission	East Nicole	FL	97952
40	Michelle Lucas	(259) 168-4592	20136 Johnson Roads Suite 967	Archerville	IL	56772
41	Daisy Washington	(998) 331-3661	594 Amy Stream Suite 583	Franklintown	OR	56933
42	Margaret Aguilar	(398) 963-5210	6562 Bowman Canyon	New Douglasstad	ID	97807
43	Stanley Hernandez	(657) 394-8828	2977 James Station Suite 198	Kevinville	NM	01193
44	Donald Mejia	(705) 406-9310	757 Michelle Underpass	New Brookeberg	DE	61014
45	Eric Johnson	(453) 336-6750	84014 Marshall Rest Apt. 103	West Jessica	DE	34514
46	James Jones	(777) 119-5430	9280 Tonya Flats Apt. 299	Carterport	VT	27480
47	Eric Brown	(304) 653-8974	7039 Evans Terrace	North Scott	CA	63342
48	Jon Baldwin	(139) 267-3037	7599 Clark Inlet Apt. 326	Lake Vanessa	MA	32847
49	Desiree Crawford	(733) 600-8194	3978 Michael Squares	Lake Jim	SD	96924
50	Roberta Wilson	(939) 896-6149	94406 Reynolds Walk	North Karen	MD	23717
51	Tami Bell	(151) 565-6388	7307 Mitchell Coves Apt. 349	Julieborough	DE	02928
52	Melissa Acosta	(627) 128-1409	9246 Gonzales Camp Suite 062	Wilsonborough	HI	63844
53	Shane Zamora	(795) 646-8237	4819 James Spur	North Cathymouth	CT	26915
54	Shannon Luna	(542) 917-4637	99228 Jackson Drives	East Kyle	WI	41700
55	Laura Levy	(805) 361-2701	1852 Quinn Street Suite 748	Elizabethmouth	SD	05515
56	Katherine Bernard	(786) 578-3935	860 Matthew Via Apt. 514	Josephshire	OR	92043
57	Amanda Hall	(573) 639-6661	78844 Elizabeth Club	East Kayla	MD	76241
58	Troy Ramos	(357) 995-7066	83270 Barnes Hills	West Cory	RI	94502
59	Derek Carlson	(732) 487-6606	1784 Jones Ports Suite 564	Lake Angelaton	MA	79320
60	Jenny Edwards	(954) 497-9477	570 Joe Glens	Lake Steven	AR	47916
61	Rebecca Foster	(143) 609-1861	2557 Jenkins Shores	West Michele	GA	02888
62	Erin Horton	(348) 154-9293	209 Reeves Drive Apt. 779	Port Patrick	WA	90390
63	Elizabeth Perez	(748) 346-4154	7699 Miller Shoals Apt. 307	North Christopherberg	GA	36560
64	Alicia Mckay	(960) 449-4379	9569 Guerra Walks Suite 950	West Rachel	DE	86186
65	Tracy Anderson	(154) 520-7644	8724 Estrada Station Apt. 646	Ochoastad	HI	90375
66	Ashlee Shepard	(824) 328-7810	456 Natasha Vista	Port Vanessashire	WV	47020
67	James Barnes	(311) 346-2529	11627 Gillespie Estate	Grossfurt	MI	02497
68	John Walsh	(889) 985-2135	3283 Pacheco Walk Suite 801	Blanchardfort	HI	87198
69	Andrew Marshall	(266) 850-9949	4452 Kyle Drive Apt. 977	Port Christianbury	MS	14320
70	Stephanie Knight	(904) 577-8361	8275 Mooney Rest Suite 619	Gomezfurt	MT	08455
71	Christina Davidson	(914) 809-9376	877 Vargas Wall Suite 603	Scottburgh	KY	63044
72	Diane Smith	(145) 556-1639	614 Hill Lake	New Charleshaven	UT	65525
73	Andrew Ross	(187) 272-1306	08270 Douglas Spur Apt. 866	South Latoyachester	IL	25217
74	Shawn Miller	(443) 891-6217	64110 Brian Inlet Suite 621	Fisherport	WV	87574
75	Paige Trujillo	(261) 677-3326	20244 Nelson Bypass	West Michael	MI	75127
76	Nathan Delgado	(639) 442-4650	74130 Ortega Ferry Suite 165	Port Brian	NC	41286
77	Jonathan Miller	(463) 321-5398	341 Brady Corners	East Dianebury	OH	48131
78	Zachary Wells	(698) 843-3757	4119 Martinez Flat	Port Michaelland	NY	61025
79	Randall Gardner	(908) 223-5768	54719 Huerta Rapid	New Walterburgh	OR	66706
80	Jason Rosales	(988) 801-8737	048 Michael Hills Suite 460	South Lindaville	CT	35000
81	Colleen Medina	(168) 538-2019	647 Richmond Well Suite 166	East Jeremy	ND	90896
82	Matthew James	(906) 602-5595	58712 Williams Throughway	Port Jeffery	PA	81951
83	Ryan Marshall	(385) 145-5571	6884 Lori Views Suite 765	North Mariaton	ME	49880
84	Cindy Mitchell	(153) 478-1405	52550 Norton Gardens Suite 961	Kellyville	ID	84738
85	Matthew Bell	(576) 384-2713	51705 Alicia Meadows	East Tiffanyberg	FL	49381
86	Travis Mitchell	(121) 836-5374	04259 Burgess Forge Apt. 825	Garciachester	SC	24062
87	Ashley Acosta	(793) 526-5238	270 Christina Islands Apt. 978	New Davefurt	AL	28055
88	Larry Williamson	(827) 425-8786	3347 Smith Meadow	Port Oscar	KS	43084
89	Richard Fuentes	(885) 631-8349	183 Marquez Mall	Port Nathanview	ME	06276
90	Scott Miller	(829) 951-4642	97135 Zimmerman Ferry	Port Austinton	TX	68060
91	Patrick Rodriguez	(415) 965-9394	40932 Lisa Islands	North Jessica	DC	42920
92	Selena Payne	(127) 649-9181	1635 Barrett Falls	Port Michaelchester	MO	83951
93	Brandi Brown	(155) 290-6884	4851 Bryan Crossroad	Savageshire	ND	53418
94	Nicole Berry	(143) 442-3084	6726 Jeffrey Turnpike	Larrychester	NM	33750
95	Stephanie Murillo	(658) 746-8841	581 Andrew Mountains Suite 018	Briantown	TX	74472
96	Andre Perry	(101) 281-1965	760 Mcclain Point	Fisherview	AZ	66292
97	Arthur Gill	(223) 514-9767	87637 Robert Corners	New Sandraburgh	MD	98782
98	Jeffrey Patton	(595) 911-4479	5897 Cathy Station Apt. 654	Lake Matthew	MD	13146
99	Lauren Kelly	(915) 493-4109	072 Erica Villages Apt. 102	East Alexanderview	CA	89731
100	Krystal Warren	(936) 903-9789	5824 Joseph Wells	East Mary	NV	08861
101	Kathleen Wilkerson	(169) 361-6717	706 Schwartz Meadows Apt. 538	Hernandezville	NC	54476
102	Mrs. Margaret Bailey	(819) 308-6501	369 Jessica Port Apt. 408	East Andrewview	RI	46668
103	Brooke Pierce	(617) 445-1669	915 Smith Trail Apt. 929	Lake Timothyburgh	NE	46315
104	Jessica Orr	(706) 205-6730	762 Singleton Roads Apt. 499	New Christopher	NV	82337
105	Christina Martinez	(770) 627-1624	705 Patrick Burgs Apt. 944	Donnamouth	ME	42769
106	Mrs. Kathleen Romero	(584) 578-7930	0404 Johnson Coves	Shariport	CO	21305
107	Kevin Butler	(543) 928-5267	7408 Leslie Land	Port Jamesmouth	NY	87528
108	Justin Higgins	(405) 353-5960	526 Gentry Gateway Apt. 293	Cameronland	IA	46684
109	Andrea Williams	(113) 991-4251	102 Russell Cliffs Apt. 702	Angelaburgh	NV	86364
110	Marissa Dennis	(523) 373-5489	140 Michelle Viaduct	Port Sandrafurt	AR	00756
111	Cynthia Lozano	(762) 671-6808	703 Connie Rest	Barkerburgh	SD	71187
112	Johnny Flores	(213) 479-9593	8259 Tammy Lake Suite 076	Clineburgh	VA	72838
113	Aaron Smith	(791) 354-7788	290 Kelly Trafficway Apt. 216	East Maryview	NM	62412
114	Joshua Vargas	(823) 943-2717	522 Castro Mill Suite 010	Matthewville	MS	31381
115	Brittany Hartman	(710) 312-7400	8108 Conner Road	New Jennifer	OR	37513
116	Kathryn Frazier	(871) 587-4694	8286 Pamela Skyway	East Ashleyview	NM	53742
117	Henry Berg	(908) 939-8342	6356 Davis Curve	Audreyshire	IA	15315
118	Jennifer Keller	(195) 277-5739	48223 Sheri Ramp	South Coryport	KS	48740
119	Pamela Hill	(118) 141-9222	3504 Stacy Fort	West Norma	NH	50331
120	Eric Finley	(313) 287-1514	24073 Goodman Turnpike	South Christine	IL	54702
121	Lauren Castillo	(749) 239-3270	206 Edwards Fork Apt. 797	West Kelly	AR	07436
122	Allison Villanueva	(494) 552-8515	322 Dunn Summit Suite 124	Martinezmouth	CA	79883
123	Diana Rollins	(374) 793-8070	50210 Sherri Well	Port Jesse	NY	22966
124	Martin Davis	(103) 254-4419	23943 Vickie Tunnel	Cynthiafurt	MN	10639
125	Dennis Green	(838) 128-1277	03353 Denise Fields Suite 536	East Christinaburgh	CO	60160
126	Jason Fuller	(870) 487-4699	94581 Lee Village	South Deborah	WA	87948
127	April Rodriguez	(128) 949-8961	4093 Jordan Circle	New Elizabeth	MS	66758
128	Chad Lee	(978) 780-1233	63584 Jesse Forks Apt. 532	Bradleyfort	WI	58452
129	Katelyn Evans	(795) 870-5761	58484 Charlene Light	Lake Mariostad	DC	53304
130	Andre Brown	(932) 584-6157	493 Burns Mission Suite 085	East Cindy	ND	31738
131	Allison Newton	(282) 475-5485	71801 Flynn Stravenue Apt. 973	North Cindy	WA	95636
132	John Vasquez	(534) 875-4454	85643 Young Fall Apt. 699	West Barryburgh	TN	10187
133	Lisa Cruz	(700) 439-3175	24015 Brittany Drive Apt. 997	Ryanshire	MO	16974
134	Mark Rivera	(294) 248-6925	876 Shields Mountain	Karenbury	IN	61772
135	Marissa Johnson	(438) 636-1982	51040 Hamilton Lake	Silvafurt	OR	01402
136	Elizabeth Rollins	(686) 821-4524	1951 Christine Summit	Port Frederickbury	DE	17713
137	Michael Carpenter	(338) 483-5603	7580 Hoover Crest	Morrisville	OK	80488
138	Mr. Chris Pena	(506) 535-1540	6188 James Divide Suite 701	Mooreville	CO	79140
139	Kyle Powell	(825) 400-3486	77335 Casey Streets Suite 814	Williamsland	OR	35669
140	Jessica Williams	(504) 135-8606	33771 Ashley Ford	Katelynborough	LA	22660
141	Kendra Rodriguez	(593) 887-2754	8200 Ortega Turnpike	Reneeside	MN	46327
142	Shelby Morse	(410) 368-3284	365 Martinez Course Suite 870	Hollandstad	UT	59013
143	Laura King	(252) 327-1368	7348 Griffin Greens	Thomasborough	VT	77015
144	Jennifer Frey	(239) 214-4723	907 Alyssa Curve	Lindamouth	FL	40018
145	Andrea Fitzpatrick	(356) 124-7593	5269 Christina Cape	Port Marcmouth	CA	18735
146	Oscar Kirby	(796) 946-3893	20395 Joshua Estates Suite 427	Port Jenniferside	CA	07410
147	Jacob Powers	(606) 844-1047	58634 Jessica Causeway	Krystalborough	WI	45006
148	Yolanda Rollins	(189) 231-6706	4346 Schmidt Corners Suite 246	South Stacie	AZ	13828
149	Kyle Munoz	(724) 506-6331	1785 Virginia Light	Port Jamesstad	TX	66119
150	John Kelley	(910) 398-9380	4671 Wright Shoals Apt. 112	Port Tammy	MN	51549
151	Michaela Park	(468) 167-5759	94880 Ian Cove Suite 215	West Wayne	MS	81724
152	Tracy Hudson	(442) 490-4091	95223 Lisa Greens Apt. 305	Port Joshuastad	DC	32856
153	Amy Garcia	(116) 205-7428	750 Laura Bypass Suite 811	South Michael	MN	94850
154	Ernest Chen	(283) 119-1970	3392 Hunt Throughway	New Patrickville	ID	96326
155	Julian Bryant	(316) 126-3793	9391 Coffey Mountain Suite 069	Gonzalezfurt	CO	49664
156	Carol Nichols	(822) 627-5011	14634 Gina Terrace Suite 448	West Wendystad	AL	36008
157	Daniel Sherman	(849) 942-9743	23034 Keith Overpass	Angelabury	VT	53692
158	Samantha Webster	(785) 121-3588	70661 Smith Dale Suite 576	North Justin	WA	50822
159	Albert Booth	(193) 650-5501	5559 Bradley Row Apt. 802	Jamesfurt	SC	00931
160	Mary Graves	(310) 345-6419	184 Thompson Passage Suite 710	East Jamie	CA	33316
161	Frank Macias	(290) 546-8292	0461 Walker Drive	West Deanna	IA	55016
162	Nancy Taylor	(537) 338-3658	936 Cummings Path Suite 520	Jacquelineland	IN	94947
163	Melissa Cannon	(848) 387-3841	02429 Valdez Manors	Jennifermouth	KS	59630
164	Katherine Rodriguez	(489) 384-6953	1875 Amanda Brooks	Janefort	NV	90025
165	Savannah Floyd	(250) 944-3528	1153 Devin Harbor Apt. 019	Davidmouth	CT	64055
166	Jennifer Price	(796) 223-5049	20490 Dunn Mews	East Jessica	NV	15117
167	Matthew Smith	(639) 115-3561	08718 Ramos Radial Apt. 848	East Deanna	ME	85208
168	Beth Johnston	(622) 625-2192	1865 Brooks Extension Suite 718	North Carolyn	WV	29665
169	Justin Gutierrez II	(654) 329-9613	5474 Rachel Ports	Youngview	AL	74984
170	Andrew Barton	(651) 923-3213	723 Smith Union Suite 563	Danielmouth	WV	05940
171	Stephen Campbell	(673) 194-6926	309 Lauren Canyon	New Erin	NV	64642
172	Joan Livingston	(964) 901-9439	446 Chapman Loop	Port Kevinborough	DE	99759
173	Karen Mcdaniel	(197) 727-5908	84738 Arthur Terrace Apt. 283	Lloydshire	CA	31521
174	Jose Weaver	(411) 672-7154	4239 Brooks Creek	Sharonfort	MI	91786
175	Natalie Bright	(685) 607-2694	360 Sarah Field	Nicoleberg	AR	18675
176	Jonathan Harris	(949) 728-6567	935 Shawna Pine Suite 346	Port Dennisport	VT	35267
177	Daniel Coffey	(251) 547-9598	90709 James Streets Suite 213	Alexandrialand	AL	02764
178	Tim Lopez	(124) 551-3607	633 Lopez Row	Christineside	WI	46271
179	Thomas Williams	(776) 564-9673	6705 Tanner Burg Suite 790	Natalieside	LA	90699
180	Vincent West	(403) 720-3730	7165 Diaz Gateway Apt. 359	East Jasonland	MT	40223
181	Paul Palmer	(561) 700-2896	5276 Jose Mountains Suite 958	Dariusville	MS	75328
182	Brenda Turner	(627) 873-8354	079 Joseph Branch Apt. 470	Amandaberg	OK	06642
183	Wesley Luna	(792) 730-9983	9691 Bradshaw Oval Suite 820	South Tracyport	MT	46282
184	John Santiago	(199) 243-3052	5792 Davis Plains	Port Nancyburgh	OH	88965
185	Raymond Francis	(567) 391-6691	24577 Mercer Grove	West Sharontown	WA	26926
186	Anthony Russo	(635) 657-1810	1888 Murphy Manors	Wrightville	AL	02812
187	Paul Crosby	(372) 400-7788	080 Amanda Circles Apt. 692	Johnmouth	MS	26064
188	Adrian Santos	(997) 181-8237	6101 Potts Bridge	New Thomas	IA	30914
189	Amy Allen	(984) 276-4453	09552 Jennifer Mill Apt. 485	Cynthiafurt	WY	54550
190	Matthew Roberts	(925) 473-7756	131 Darius Alley	Chandlerhaven	TN	40811
191	Mario Krause	(157) 993-3202	493 Thompson Motorway Apt. 606	East James	MI	73751
192	Cole Woods	(129) 959-4820	245 Jonathan Vista Suite 422	Holtfort	ID	23541
193	Andrew Medina	(103) 654-3081	5319 Watkins Knolls Suite 837	New Anthony	KS	07550
194	Juan Martin	(663) 685-4109	7506 Cynthia Heights Suite 348	Port Lauren	GA	37359
195	Sarah Brown	(274) 489-8545	415 Raymond Viaduct Suite 183	East Jeromeberg	OK	85044
196	Mr. Scott Phillips Jr.	(945) 383-4866	64849 Williams Springs	Port Davidburgh	IN	93981
197	Dr. Michael Murray MD	(766) 559-9471	187 Elizabeth Points	Nunezburgh	AR	59832
198	Frank Johnson	(987) 854-3052	89940 Knight Cove Suite 607	East Anna	MS	89715
199	Emily Townsend	(389) 540-8339	952 Thomas Ports	East Melanieborough	OK	97940
200	David Foley	(153) 835-5378	499 Martin Landing	South Lindsey	FL	17237
201	Christina Adams	(125) 551-4582	583 Rachel Curve Apt. 898	Stevenstad	NY	65920
202	Tracy Torres	(455) 522-8012	8758 Christian Row	Lauramouth	UT	12216
203	Alyssa Friedman	(412) 968-9298	392 Malone Viaduct Apt. 447	Jonathanland	KY	89182
204	Troy Baldwin	(408) 913-7766	2148 Allison Gardens	Wellsburgh	KS	12815
205	Sabrina Shaw	(669) 857-3248	3318 Ramsey Knolls Apt. 358	West Stefaniefurt	FL	82204
206	David Sullivan	(357) 869-1199	62922 Anna Gardens Suite 818	North Grantfurt	RI	77725
207	Robert Miller	(498) 125-3184	6263 Keith Hollow	East Andre	MN	93231
208	Margaret Contreras	(137) 700-2717	72561 Ashley Points	Samanthaborough	UT	16085
209	Whitney Ortiz	(802) 618-2102	2696 Robert Center	North Christian	HI	93518
210	Jessica Graves	(886) 791-7459	2565 Courtney Vista	West Kylehaven	NM	79359
211	Erik Walls	(326) 238-5258	5019 Mills Mountains	East Debra	NY	77745
212	Vanessa Brooks	(615) 371-4744	51238 Jordan Islands	Kristyville	DE	20698
213	Mary Stevens	(135) 662-6151	77076 Brown Cliffs Suite 959	Willismouth	IL	11111
214	Miguel Palmer	(285) 777-2916	08066 Klein Cliff	Lake Holly	MN	50504
215	Gina Maxwell	(365) 809-7365	6372 Monica Haven	Holmesport	MT	66065
216	Gabriel Ramirez	(767) 138-4209	217 Hoover Ramp	Isaacmouth	NC	55920
217	Julie Guerrero	(608) 811-5780	59594 Christopher Ford Apt. 470	Port Cindyside	OH	48421
218	Lindsay Patel	(726) 692-4201	7520 Perez Dale Apt. 488	Osbornefurt	AZ	71314
219	Christopher Gregory	(376) 922-2059	53083 Amber Underpass	South Dennis	AK	77941
220	Jordan Fernandez	(945) 943-9955	99059 Margaret Burg Apt. 159	Vargasfurt	MI	22187
221	Thomas Lawrence	(520) 610-1928	0289 Jenna Walk Apt. 558	Martinburgh	NC	12738
222	Brenda Crawford	(395) 645-4938	6573 Richards Lane	Lake Christina	MD	42170
223	Brian Hanson	(512) 869-6065	23751 Jeffrey Mission Apt. 633	South Natalie	WV	35603
224	Melissa Allen	(395) 462-3559	89207 Kristina Extension	Tinaland	MO	84733
225	Travis Rogers	(197) 411-3934	03341 Robert Highway	Kennedymouth	WV	76444
226	Joshua Franklin	(699) 755-7525	7094 Roach Ferry	Wendyside	AZ	73576
227	Abigail Lopez	(876) 322-1812	1576 Rebecca Creek	North Erin	MT	70189
228	Joseph Russell	(475) 653-5019	055 Jenna Lock Apt. 508	Mcbrideside	AR	53246
229	Angela Walker	(425) 278-3814	79693 Hall Via Suite 536	East Dianestad	MI	70391
230	Lisa Calhoun	(809) 314-5761	67206 Tammy Coves	Lake Andrewstad	SD	91876
231	Christian Jones MD	(316) 853-5996	563 Belinda Cove	West Stephanieport	IL	53460
232	Laurie Smith	(639) 382-1374	365 Powell Brook	Juanhaven	IN	01693
233	Jennifer Fuller	(487) 995-2503	314 Lee Manors	Roweville	NV	55567
234	Christopher Vasquez	(555) 386-1987	57246 Williamson Isle Suite 746	Browntown	NM	47909
235	David Hernandez	(692) 884-9175	432 Scott Square Suite 174	Rachelberg	IN	77551
236	Anthony Ross	(643) 229-7917	2691 Jordan Park	Dennistown	WA	60475
237	Scott Higgins	(142) 321-3758	669 Harry Meadow Suite 425	West Thomastown	OR	53031
238	Nicole Taylor	(338) 169-8421	5283 Garza Bridge	Tomburgh	NY	61334
239	Sherry Jones	(349) 934-7801	81834 Melvin Knolls	Jordanville	AL	53362
240	Pamela Kent	(382) 515-9485	8309 Bennett Crescent Apt. 551	Jonestown	CO	95180
241	Marissa Lopez	(544) 521-4742	3442 Cox Mount Suite 628	Port Morgan	AK	31864
242	Amanda Wagner	(147) 500-4021	0230 Ralph Points	Port Elizabethtown	ME	47291
243	Hannah Glover	(388) 787-2150	4084 Adam Circle Suite 593	Sheaborough	IA	54997
244	Nichole Hayden	(290) 136-2237	681 Rivera Shoals Suite 681	Natalieton	OK	21168
245	Jerry Ortiz	(959) 148-1580	291 Ellis Ridge	Port Peter	IL	79424
246	Bonnie Reynolds	(805) 841-3891	54794 Maurice Fork Apt. 462	South Courtney	NJ	13080
247	Henry Morales	(959) 557-6761	9130 Edwards Inlet	Lake Taylorport	UT	06194
248	Edward Dean	(779) 922-6541	2951 Frye Plaza	Travisburgh	MO	40094
249	Paul Dorsey	(240) 554-1939	0971 Myers Coves Suite 343	New Ann	IL	14274
250	Kyle Butler	(159) 688-8358	3384 William Course	Patriciafort	MO	65328
251	Bradley Lindsey	(306) 356-6468	57813 Tran Highway	Holmesborough	SC	66460
252	Danielle Howell	(199) 846-8069	632 Rodriguez Locks	West Karaside	KS	99177
253	Leslie Jones	(825) 196-7480	43177 Washington Crossroad Apt. 580	South Roymouth	MN	20381
254	Patricia Hernandez	(252) 872-4848	9235 White Gateway Suite 088	Albertstad	AK	50044
255	Jessica Adams	(272) 625-7337	55108 Andre Cliff	Karenview	NV	73406
256	Nicholas Pham	(802) 481-4475	279 Kevin Prairie Suite 783	Hendersonhaven	MT	08823
257	Stacy Munoz	(378) 767-8068	91949 Farley Spurs	New Christopher	WV	68084
258	Carolyn Webb	(373) 971-2794	631 Rodriguez Points Suite 241	Brittanyfort	WY	40558
259	Sherry Day	(351) 719-8158	3413 Sean Cape Apt. 451	Port Jason	HI	17287
260	Samantha Harrington	(507) 874-2487	69229 Jennings Fields	Jessicabury	ID	26024
261	James Goodman	(215) 617-3864	3500 Jennifer Glens Suite 585	New Michael	WI	62851
262	Michael White	(345) 683-6547	44413 David Haven Apt. 509	Ruizbury	ID	87753
263	Elizabeth Williams	(902) 414-6220	27895 Nelson Landing	Caseyburgh	ND	36987
264	Rebecca Owens	(598) 157-5979	5966 Salas Ramp Apt. 780	Charleston	WA	56508
265	Mark Brooks	(156) 964-3950	12333 Perez Underpass	West Christopherfurt	KY	87808
266	Lori Lloyd	(814) 288-6422	89308 Eric Prairie Apt. 427	Lake Bethton	TN	73261
267	Caitlin Hamilton	(249) 344-3209	4365 Christensen Lodge	Port Angela	ME	65958
268	Jared Carroll	(445) 637-9048	34639 Oliver Neck Apt. 263	East Lawrence	ID	04377
269	Kayla Chavez	(574) 670-3321	43759 Nathan Valleys Suite 446	New Alfredburgh	SD	01876
270	Renee Preston	(559) 224-8864	33509 Ritter Crest Apt. 228	Jameschester	MA	98180
271	Danielle Martinez	(665) 372-5750	2547 Ortiz Loaf Apt. 286	Garrettchester	MI	04395
272	Dr. David Mitchell PhD	(848) 664-4360	27723 Blackwell Junctions	Saramouth	ME	07183
273	Sarah Sparks	(766) 148-5852	46417 Spencer Shore	Stephensfort	NY	11123
274	Julia Jones	(264) 644-2630	876 Richard Unions	Clarkland	OR	51728
275	Richard Collins DDS	(770) 237-6056	93085 Christopher Trail	Robertborough	MA	89042
276	Erin Rogers	(805) 521-7273	1884 Elizabeth Circle Suite 024	Lancemouth	MI	83971
277	Eric Scott	(160) 212-9427	688 Fuller Court Apt. 513	New Derek	FL	37329
278	Joshua Gordon	(384) 715-3413	485 Kenneth Trail	Lake Deborahmouth	PA	76780
279	Yolanda Robinson	(786) 650-3738	224 Joseph Vista	Westborough	AR	46411
280	Jeremiah Flores	(874) 978-3902	554 Joseph Forges	Andrewhaven	MS	09154
281	John Andersen	(710) 724-1621	525 Victor Rapid Apt. 550	Lake Beckyshire	GA	79218
282	Audrey Rivera	(499) 673-2409	72381 Dawn Islands Suite 592	Susanview	IA	97585
283	Arthur Bennett	(688) 121-3814	25490 Ochoa Tunnel Apt. 479	East Lori	MN	04925
284	Rebecca Richardson	(220) 319-8436	53535 Brenda Parkway	West Stevenside	NM	97904
285	Jeffrey Brock	(550) 833-8633	369 Kimberly Fields Apt. 730	North Waynestad	NM	95805
286	Adam King	(780) 190-1120	81613 Peterson Plaza	New Rachel	VA	64234
287	Victor Woods	(992) 632-2998	71841 Barrett Skyway	Karenmouth	WY	45422
288	Anthony Fowler	(627) 334-9165	9395 Griffin Ways	Meyerchester	IA	45123
289	Mikayla Gentry	(721) 530-1463	5051 Angela Tunnel Apt. 680	West Mallory	KS	62737
290	Angela Gonzalez	(545) 228-9858	511 Mckenzie Glen Suite 025	West Matthew	WI	50016
291	Cody Santiago	(620) 471-8934	98329 Ramos Key Apt. 168	Joneshaven	VA	02794
292	Cassidy Schneider	(276) 846-8579	2686 Dorsey Highway	Brianville	WI	33229
293	Christina Johnson	(362) 491-8033	357 Ross Island Suite 129	Lake Michaelburgh	AL	52776
294	Mandy Buchanan	(794) 389-9436	23611 Steele Ridge Suite 253	New Margaret	ND	19157
295	Jesse Welch	(829) 476-4512	040 Gregory Bypass Suite 391	Port Marcus	NC	14745
296	Kathleen Garcia	(261) 390-6152	8548 Nicole Highway Suite 620	Lake Jamie	UT	43183
297	Amanda Morales	(549) 410-1130	74407 Mendez Unions	Port Shanemouth	IA	37642
298	Diana Smith	(817) 345-1701	6405 Mary Place Suite 826	Port Josephburgh	NE	20269
299	Angela Mendoza	(737) 142-4251	989 Tami Rapids	Leroyview	SC	40765
300	Stephanie Williams	(761) 353-6604	6650 Morgan Unions	South Kathleen	ND	22993
301	Chad Lyons	(354) 782-9275	075 Weeks Court Apt. 870	Millsfurt	FL	71936
302	Lauren Davenport	(383) 831-7531	118 Emma Port Suite 727	Martinezville	RI	41150
303	Bryan Welch	(405) 484-5126	8591 Rivers Ville	Kerrstad	GA	60767
304	Jonathan Bender	(748) 307-8369	963 Mcguire Roads	Lake Joseburgh	IA	04775
305	Jennifer Robinson	(766) 776-4830	4265 Jeffrey Creek Suite 401	Port Louishaven	DC	22919
306	Samantha Nichols	(701) 827-5795	188 Bates Street Suite 475	East Laurafurt	OH	80664
307	Lisa Dennis	(863) 381-5011	3242 William Fall Apt. 791	East Jasmine	PA	27645
308	Katie Powell	(897) 637-8117	658 Chen Extensions	Blanchardside	CO	50729
309	Nathan Cannon	(284) 648-7890	9544 Mary Crossroad Suite 551	Alexanderville	NC	52078
310	Nicholas Jackson	(897) 852-2775	897 Jacobs Wall Suite 974	New Heather	IL	17404
311	Justin Ferguson	(844) 379-1371	57018 Williamson Groves Apt. 640	Port Juan	ID	75295
312	Katrina Jennings MD	(195) 819-4349	5221 Hill Motorway Suite 341	South Jonathanbury	MD	37649
313	Vicki Vincent	(531) 769-1806	7920 Mary Island	Rivaschester	WA	64512
314	Matthew Wong	(128) 434-6563	2186 Carol Ports Apt. 863	New Heather	WY	61699
315	Rose Collins	(454) 763-9991	984 Norris Plaza	Erinbury	MT	57249
316	Christopher Norman	(353) 860-1159	469 Jose Oval Suite 954	New Derrick	SC	10276
317	Rebecca Singh	(611) 629-1327	732 Terrell Turnpike	West Davidtown	AZ	45102
318	Jennifer Lowe MD	(952) 948-9641	55122 Johnny Fords Apt. 374	Lake Sean	MA	86367
319	Ronald Meyer	(658) 565-1880	4250 Rodriguez Hill Suite 227	Port Shannonland	IL	19274
320	Paul Howell	(194) 795-3234	243 Julie Port	Anthonyfort	HI	72899
321	Elizabeth Smith	(731) 262-7582	0541 Townsend River	Smithmouth	AR	32299
322	Dustin Mercer	(337) 421-2653	8536 Simpson River Apt. 430	Marilynborough	VT	03485
323	Carrie Stevens	(557) 994-6367	21180 Perkins Mission	New Eric	WI	96620
324	Edgar Nunez	(579) 886-1888	8796 Sexton Place Suite 731	Brendanstad	NJ	63471
325	James English	(376) 699-4578	2489 Savage Unions	Dudleyhaven	RI	44960
326	Mark Barber	(565) 400-7108	92397 Gibson Parkway Apt. 624	New Heidi	CA	67397
327	Sharon Martin	(147) 778-6222	01653 Grace Cliffs Apt. 403	Garciabury	KY	52619
328	Michele Harrison	(788) 556-9225	494 Armstrong Park Apt. 899	Perezchester	DE	49337
329	Rachel Bennett	(869) 475-1874	07484 Dillon Harbors Apt. 201	West Stephaniebury	NH	51023
330	Robert Schmidt	(411) 658-5624	1550 Bauer Rue Apt. 003	Baileyborough	AL	63160
331	Marvin Maxwell	(983) 878-1371	571 Ramirez Prairie Apt. 785	Veronicaview	DC	97861
332	Sabrina Collins	(814) 970-7611	10476 Mendez Mission	Christinachester	WY	51375
333	Amy Flores	(309) 337-6180	5720 Kathleen Via Suite 869	West Jamiestad	NV	77346
334	Jodi Smith	(974) 632-5548	872 Michelle Turnpike	North Sophiachester	HI	59158
335	Anthony Johnson	(566) 773-1202	02013 Dawson Square Suite 616	Sosastad	NV	11662
336	John Cox	(433) 734-7118	3163 Christina Road	Lake Sharon	OK	81096
337	Kimberly Morgan	(731) 815-7628	27331 Schmitt Village	West Nancy	NM	36197
338	Tina Spencer	(266) 229-4655	78154 Scott Trafficway	Laurenstad	DE	78956
339	Tracey Hanson	(191) 917-4512	680 Lance Divide	Jenningshaven	MT	95680
340	Erik Martinez	(140) 744-6475	07354 White Cliff Apt. 963	Marksmouth	OH	89360
341	Chris Murray	(302) 928-4415	6436 Tate Wall	Port Brittanyport	MI	53776
342	Jeffrey Mcguire	(842) 871-6750	892 Jasmine Lakes	Melissaland	CT	93498
343	Laura King	(676) 600-9149	5328 James Port Suite 026	East Hannah	PA	33856
344	Mitchell Snyder	(560) 635-8370	277 Steven Island	West Karenport	ME	60201
345	Barbara Silva	(970) 481-9876	403 Peter Street Apt. 781	South Thomasborough	IN	18583
346	Corey Peterson	(600) 970-5207	90389 Brooks Street Suite 436	West Eugeneland	IN	21851
347	Jonathan Hamilton	(272) 419-7340	826 Foster Manor	New Scott	NJ	84740
348	Russell Miller	(574) 842-6090	07223 Lisa Squares Apt. 645	Brownfurt	ID	78263
349	Raymond Bullock	(563) 150-8160	6846 Justin Ridge Suite 564	Port William	MO	76220
350	Amber Smith	(463) 790-5840	21406 Mosley Greens Apt. 771	Lake Troy	TN	99031
